laadukas +	laadukas -	miellyttävä +	miellyttävä -	innovatiivinen +	innovatiivinen -	luotettava +	luotettava -	vastuullinen +	vastuullinen -	menestyvä +	menestyvä -	neutraali
Monet sanoo että Osuuspankki on paras pankki	Täytyy katsoa uusi pankki ja lopettaa tili osuuspankista , sen verran on neuroottinen idiootin kehittelemä järjestelmä , etten sitä ala katselemaan .  	"Ajattelin siirtää asiointini Osuuspankkiin, sain sieltä ihan kohtuullisen hintaisen asuntolainatarjouksen , " Ainakin kohtelu oli kaikkein ystävällisin " &gt ; 	Miksi nettipankista on tehty kokoajan vaikeampi ja epämukavampi käyttää ... 	Osuuspankki tuo keväällä markkinoille uuden sijoitustuotteen Osuuspankin asiakasomistajille , tuotto-osuuden . 	No ei kyllä kannata osuuspankissa tekniikka on näissä maksuautomaateissa kaikkea muuta kuin modernia ! 	Jotkut POPit voivat romahtaa, vanha kunnon osuuspankki on turvallinen Talletussuojarahasto turvaa varat 100 tuhanteen euroon	Osuuspankkiin nimenomaan ei voi luottaa . 	"Nordean viestinnästä todetaan , että muiden kansainvälisten pankkien tavoin Nordea noudattaa toimintatapoja , jotka varmistavat , että konserniyhtiöissä toimitaan paitsi YK : n ja Euroopan Unionin myös tiettyjen kansallisten viranomaisten , kuten USA : n , asettaminen pakotteiden mukaan . 	Tässä on puoli vuotta kulunut että tuskin vastaakaan - Osuuspankin pankkivirkailija luovutti ulkopuoliselle tilitietoja vainajan elinaikaisesta pankkiasioinnista - Osuuspankin pankkivirkailija käyttäytyi aggressiivisesti asiakasta kohtaan ja käytti arveluttavia verbejä asiakkaaseen liittyen Jotkut yritykset kantavat vastuun toiminnastaan , jotkut eivät . 	Onko se totta , että Alajärven OP on parhaimpia osuuspankkia pohjanmaalla omvaraisuu suhdeluku on peräti 36 joka on huippua . 	Rahastot on vain Nordean rahastoja , jotka eivät pärjää juuri missään . 	Itse olen Osuuspankin asiakas ja mielestäni heidän mobiilipankkinsa on parempi kuin nettiselaimella käytettävä . 
ei siellä mut ei , mut osuuspankissa on kaikki paremmin . 	Suomen huonoin ja kallein pankki on OP Osuuspankki 	Ajattelin siirtää asiointini Osuuspankkiin, sain sieltä ihan kohtuullisen hintaisen asuntolainatarjouksen	" lainaturva järkyttävän paljon halvempi kuin osuuspankissa " niin , kannattaako ottaa lainkaan , on melko ankarat ja monimutkaiset ehdot . 	Osuuspankin sijoituspalvelut netissä ovat valovuoden edellä esim. Nordean vastaavia . 	Nordea on surkea ja aikansa elänyt ! 	Ja nyt mainittiin taas uutisissa , että EU runnoo läpi sitä pankkiunionia , joka ottaisi vallan meidänkin paikalliselta Osuuspankilta, jonka velallinen on ollut turvallisen tuntuista olla . 	Osuuspankkia on syytä varoa jos olet vanha ja sairas . 	Täti on sitä mieltä , että kunnan lähipankkiin hän ei halua , sillä hän uskoo yhä , että Nordea( joskus ollut suomen työväen säästöpankki ) on työläisen asialla . 	Lappajärven Osuuspankki on ollut erittäin korruptoitunut pankki . 	Huomaa , S-pankki on aidoin liikepankki , jolla ei muuta toimintaa juuri ole , Osuuspankki on kaikkein vähiten liikepankki , siksi pärjäsi edellisessäkin lamassa parhaiten . 	Osaisiko joku selittää , miksi ainakin Nordean osakerahastot häviävät tuotossa systemaattisesti vertailuindeksilleen . 	Osuuspankki taas vain ylireagoi . 
hyvä se on , vaihda kaikki mennyt aina tosi hyvin ja on ollut palvelu tosi hyvää ja ystävällistä , vaihda vaan osuuspankkin, et kadu .	Sen sijaan Osuuspankilla huonot rahastot ja kaikilla on merkintäpalkkiot . 	Bonusjärjestelmän vuoksi Osuuspankki kuulostaa edullisemmalta vaihtoehdolta . 	Olin muuten itse osuuspankin asiakas mutta sen pyörityksen , ammattitaidottomuuden , vainajan omaiseen ylimielisesti suhtatuminen ja vittuilun jälkeen en kusekkaan ko.laitokseen päin ... 	Seuraava uudistus on tulossa lähikuukausina Osuuspankille 	Nordean ajatusmallin mukaan maksuautomaatit eivät ole museoesineitä , vaan moderneja laitteita . 	Osuuspankkiin voit luottaa , se on meille tärkeää . 	Ja esim Osuuspankin kortilla jos maksat niin 1e = 52rub , ihan kusetust moiset suomen pankkien kurssit . 		Osuuspankki on suomalainen rehellinen pankki , ei edes lait koske sitä , se saa tehdä mitä se tykkää ja syytteitä ei sitä vastaan nosteta . 	( toisin kuin tämän palstan trollit yrittävät todistella ) Itsenäiset Osuuspankit ovat vakavaraisia , mutta keskinäisiä eroja on . 	ja todettakoon vielä , että edelliset kaksi vuotta sekä Nordean Suomi indeksi että UB HR Suomi kasvu hävisivät selvästi OMXH25 : lle . 	Marssin naapurissa olevaan lähitapiolaan ja sain asiantuntevaa ja ystävällistä palvelua ja samalla vaihtui pankkikin Osuuspankista tapiola-pankkiin . 
Itse olen ollut jo 30 vuotta Osuuspankin asiakas ja päivääkään ei ole tarvinnut katua - kaikki on aina sujunut todella hienosti ja palvelu on ollut ensiluokkaista . 	Sama asia vie aikaa osuuspankissa 3kk minkä danske hoitaa n 1/2 h ??? 	hyvä se on , vaihda kaikki mennyt aina tosi hyvin ja on ollut palvelu tosi hyvää ja ystävällistä , vaihda vaan osuuspankkin, et kadu .	Suomen huonoin ja kallein pankki on OP Osuuspankki 		Osuuspankin sijoituspalvelut netissä ovat valovuoden edellä esim. Nordean  vastaavia . 	Hyvä että Osuuspankissa ollan tarkkana	Tänään ja eilen on ilmeisesti suljettu tuhansia tunnuksia ilman todellista syytä , suosittelen välttämään osuuspankkia ja sen erikoista toimintaa . 		Nordea ainakin tuntuu ottavan uudestaan hanakkaasti suomalaisten verorahoin tuetut ulkoistamiset intiaan : " Nordea siirtää lisää it-palveluita Intiaan " http://www.tietoviikko.fi/kaikki_uutiset/article813621.ece On se " hienoa " kuinka minun verorahoja käytetään tappamaan työpaikat Suomesta . 	Nordean rahasto on siis onnistunut vertailuajankohtana keskimääräistä paremmin , kun hallinnointikuluja ei huomioida . 	Bulkkiyrityksillä ja valtion ym. säännöstelyn kohteena olevilla , P/B vähän yli yksi , eli pankit , kuten nordea bank , neste oil , fortum , jne. Ei isoa kasvua odotettavissa . 	Miksi se Osuuspankki yleensä pitää konttoria pieksämäellä kun ei sitä kerran tarvita ? 
itse pohdin ja vertailin eri pankkeja viime kesänä ja totesin että Osuuspankki on minulle ylivoimaisesti paras pankki . 	Osuuspankki on huonoin	Itsekin olen ollut tyytyväinen Osuuspankkiin	Miksi nettipankista on tehty kokoajan vaikeampi ja epämukavampi käyttää ... 		Hintaturvavedätyksestä sen verran että A ) tavattoman primitiivinen lomake täytettävä , ei voi suoraan täyttää eikä tallentaa B ) sit piti skannata erikseen C ) hautoivat hakemusta niin kauan ettei nettilinkkinä annettu toisen liikkeen alennus enää ollut voimassa ja rupesivat kuukauden päästä kyselemään paperiversiota En halua kuullakaan koko skeidakolmikosta enää , siis Gigantti , AIG ja Nordea	Ei syytä huoleen , viisaimmat siirtäneet rahat oikeaan osuuspankkiin , kaikki siltä osin hyvin . 	13.00 perkelee pielisen Osuuspankki, joka ryösti rahani 17.1.-25.2.2008 , sitten tilinpitokielto nordeassa ja osuuspankissa 2008--2013. 		Ainakin seuraavat rahoitusyhtiöt ja pankit ovat todistetusti rikkoneet tässä asiassa tyynesti lakia eli siis toimineet rikollisesti : Danskebank Nordea OP Pohjola Finaref S-Pankki Lisäksi perintäyhtiöistä erityisesti Lindorff ja Intrum Justitia harjoittavat myös rikollisuutta tässä asiassa . 	sampolaiset kiusaa enempi ehkä siks kun Nordea rahastosalkku menee paremmin . 	Helsingissä on moniakin hyviä yhtiöitä ostohinnoissa : Amer , Nordea , TeliaSonera , Tieto , Wärtsilä , Nokian Renkaat ... 	Oletko tosiaan niin juntti , että et tajua , että arvopaperikauppaa ei kannata käydä oman pankin kautta yleensäkään , varsinkaan Osuuspankin kautta . 
Ja mikä parasta , liityin silloin Kinnulassa Reisjärven Osuuspankin Kinnulan konttorin asiakkaaksi ja olen todella tyytyväinen , paras palvelu ja henkilökohtainen . 	Osuuspankista oli todella vaikeaa saada tilejään siirrettyä toiseen pankkiin . 	Ja mikä parasta , liityin silloin Kinnulassa Reisjärven Osuuspankin Kinnulan konttorin asiakkaaksi ja olen todella tyytyväinen , paras palvelu ja henkilökohtainen . 	Listaa voisi jatkaa esim.liiketalot ei huolehdi pihoistaan , esimerkkinä Osuuspankin talo . 			Nordean mobiilipankki sovelluksessa on tuo viivakoodi juttu ainakin Lumiassa on helppo scannata koodit laskuista , on kyllä safe 	Eli kyseinen OP : N tarjoama takaisinmaksu turva , siinä Osuuspankki oikein kusettaa maksamaan tyhjästä . 		Nordeassa saa luottotiedoton tai asioitan leväperäisesti hoitava myös luottokortin , eikä pankilla ole mitää vastuuta siitä miten selvitään , kun luottokortti on tapissa , vaikka asiakkaan tapa on ollut tiedossa jo vuosia . 	Nordeahan teki noihin aikoihin miljarditulosta ... 	Nordea pärjäsi nimittäin äskettäin kehnosti , kun eri sijoitusrahastojen tuottoa vertailtiin . 	Keuruun Osuuspankki ( ei kuulu OP-ryhmään ) on myös todella sujuvasti ja hyvin palveleva eikä rahasta . 
Joo ei mullakaan ole mitään valittamista Osuuspankista 	Olin muuten itse osuuspankin asiakas mutta sen pyörityksen , ammattitaidottomuuden , vainajan omaiseen ylimielisesti suhtatuminen ja vittuilun jälkeen en kusekkaan ko.laitokseen päin ... 	Ja mikä parasta , liityin silloin Kinnulassa Reisjärven Osuuspankin Kinnulan konttorin asiakkaaksi ja olen todella tyytyväinen , paras palvelu ja henkilökohtainen . 	Osuuspankki on kyllä niin nihkeä että , kun olin työssä niin työkaverilla oli talo myynnissä ja tonttia ostattelivat uuteen , niin olipa tontin hinta tiukassa , vaativat takaajat takavuosiana , pari uhkasi lähteä pankista . 			Minulla on hyviä kokemuksia Klarnasta , sen takana on Nordea Finans elikkä Nordea pankki joten siihen voi luottaa . 	Mielelläni olisin Köyliön osuuspankin asiakas , mutta löytyykö luottamusta , jos entiset jatkavat hallinnossa ? 		Lopputulos: Nordea on antanut rahat tililtä laittomasti . 	http://www.arvopaperi.fi/data/OMXH25/ Näyttäisi siltä , että Nordealla olisi vahvimmat suositukset ja Outokummulla heikoimmat . 		Esimerkiksi Pohjolan , jonka osuuspankit lunastivat pois tavalliselta rahvaalta ja maksavat hankintansa myymällä tilalle tätä huonompaa vaihtoehtoa . 
kaikki palvelut Osuuspankki on täyden palvelun pankki , eli siltä löytyy ihan kaikki kansainväliset palvelut ( toisin kuin eräiltä nimeltä mainitsemattomilta pankeilta ) . 	Näyttää kuuluvan samaan osaamattomaan ja olematonta laatua tuottaviin firmoihin Kerman Saven ja Osuuspankin kanssa .	Jos bonukset huomioi marginaaliin on etu Osuuspankin mukaan 0.12%-yksikköä , mikä sekin kuulostaa hyvältä . 	S-pankki pesee Osuuspankin nirppanokat mennen tullen . 			Ja jos esim. nordeasta siirrän sinne rahaa Suomesta niin kurssi on rehellinen ja välityspalkkio vain n. 5e . 	VALETTA mutta senhän te osuuspankin edustajat ja asiakashankkijat osaattekin . 		Toimiiko kenties Nordea lainvastaisesti kun antaa rahat ilman testamentin tiedoksiantotodistuksia ? 	Nordean osake on vahva ja vahvistuu edelleen . 		Parhaat Osuuspankit löytyvät Itä-Suomesta , Savosta . 
Kiitos kannustavista yhteyden otoista tekstiini ja sekä kommenteista , kävin tänään Lieksan OP:ssa siis Osuuspankissa ja siellä otettiin asiani ymmärtäväisesti vastaan ja kun oli ne merkinnät siellä luottotiedoissa - merkkiset sanottiin että ei ole mikään este maksukortin ja pankkitunnusten saamiselle käännän vain palkkani OP:hen ja välittömästi kun näkyy että tililli tulee pallkka kerran kuussa saan käyttööni sellaisen kortin jota pyysin niin että tulkaa kaikki jotka haluatte hyvää ja laadukasta asiakaspalvelua pankkiasioissa Osuuspankkiin kontori on kulttuurikeskuksen talossa voin suositella lämpimästi siellä ei luokitella asiakasta A , B ja C luokkaan erittäin ystävällistä palvelua Paljon kiitoksia 	Minulla ainakin Osuuspankin nettisivut eivät enää toimi Opera selaimella . 	Jos/kun myyn joskus taloni , niin Osuuspankin kanssa teen mielelläni sijoituksia ja ostan taas osakkeita . 	Se mikä mun juttuni pointti on , että nämä ns. osuuspankin työntekijät täällä tuntuvat jokainen haukkuvan pienempiä pankkeja , se kertoo kumminkin omaa kieltään siitä missä jamassa Osuuspankki todellisuudessa on .... 				Ne on silkkaa kusetusta jos ihan suoraan sanotaan , ihmisiä vaan on niin helppo aivopestä , mutta fiksummat valitsee toisen tien ja se EI ole osuuspankki 		Mermaid elikkä kotoisemmin Merenneito oli sen sijoitusrahaston nimi , jonka kautta Nordeasijoitti asiakkaidensa varoja Madoffin huijaukseen , kääri omat voittonsa rikolliseksi todetusta toiminnasta ja ilmoitti asiakkailleen , että valitettavasti viittä yritystä niiden sadan joukossa , joihin varanne oli sijoitettu , kohtasi konkurssi ja kaikki teidän varanne hävisivät taivaan tuuliin . 	kyllähän osuuskassa on kyläkassa eikä oikea pankki , jota taas kansainvälinen oikea  Nordea on !		Tuotto-osuus on pitkäaikainen omapääomaehtoinen sijoitus , joka vahvistaa pankkisi vakavaraisuutta ja tarjoaa samalla uudenlaisen mahdollisuuden hyötyä osuuspankkisi menestyksestä hyvällä riski-tuottosuhteella . 
Kyllä Osuuspankissa Fire 7 toimii täysin . 	Miksi nettipankista on tehty kokoajan vaikeampi ja epämukavampi käyttää ... 	Kiitos kannustavista yhteyden otoista tekstiini ja sekä kommenteista , kävin tänään Lieksan OP:ssa siis Osuuspankissa ja siellä otettiin asiani ymmärtäväisesti vastaan ja kun oli ne merkinnät siellä luottotiedoissa - merkkiset sanottiin että ei ole mikään este maksukortin ja pankkitunnusten saamiselle käännän vain palkkani OP:hen ja välittömästi kun näkyy että tililli tulee pallkka kerran kuussa saan käyttööni sellaisen kortin jota pyysin niin että tulkaa kaikki jotka haluatte hyvää ja laadukasta asiakaspalvelua pankkiasioissa Osuuspankkiin kontori on kulttuurikeskuksen talossa voin suositella lämpimästi siellä ei luokitella asiakasta A , B ja C luokkaan erittäin ystävällistä palvelua Paljon kiitoksia 	Osuuspankki tuntuu repivän rahaa enemmän mm. vanhojen maksutietojen kyselystä ainakin . 				Osuuspankki on yrittäjäpankki ja huijjaa asiakkaitaan !!! 			iso ja vakavarainen Nordea lainasi juuri maailmalta rahaa 5-6 % korolla ) , ja lisäksi on huomioitava että rahat saa irti sijoituksesta varsin hitaasti : irtisanomista seuraavan kalenterivuoden lopussa . 		Yhtä hyvin kyllä tuntuu toimivan osuuspankki Windows 7 : lla kuin Windows 8 : llakin . 
Muistan hyvin sen ajan kun meidän " kylässä " oli 4 pankkikonttoria ( KOP , SYP , Säästöpankki ja Osuuspankki ) ja hyvinhän niissä palvelu pelasi ja monet perheet tekivät töitä ja maksoivat asuntojensa lainat . 	Meillä osuuspankki käsitellyt asiaa jo kaksi ja puoli viikkoa eikä valmista tule parikkalan osuuspankin toiminta hidasta 	Kyllä osuuspankki on ainoa paikallinen pankki , jossa " marninaalit " ovat ainakin meidän perheessä kohdallaan - sekä talletuksissa että lainoissa . 	Suupohjan Osuuspankki kaikista kallein ja siellä kiinnostus meidän asuntolainakyselyssä oli todella nihkeätä . 				osuuspankin jäsenyys ja boonukset on täyttä huijausta . 			Varmemmaksi vakuudeksi : Nordealta kaikkien aikojen tulos , osinko nousee Keskiviikko 30.01.2013 Nordean konsernijohtaja Christian Clausen hehkuttikin tulosta tiedotteessa ja kertoi , että konserni hankki viime vuonna enemmän asiakkaita ja enemmän pääomia sekä teki paremman tuloksen kuin koskaan . 		Nordean heikoiten menestyneellä rahastolla on onnistunut tekemään viidessä vuodessa noin 30% tappion ( vähän riippuu missä välissä ja miten niitä lyhennyksiä on sijoittanut ) . 
Nordean ja osuuspankin välillä rahaliikenne liikkuu nopeasti nykyään ... 	Maksuliikenneongelmia on ollut Ainakin Nordealla , Danske Bankilla ja Osuuspankilla 	Menkää töihin ja säästäkää , liittykää sitten Osuuspankin jäseneksi niin palvelumaksut on halvat . 	Tässä on puoli vuotta kulunut että tuskin vastaakaan - Osuuspankin pankkivirkailija luovutti ulkopuoliselle tilitietoja vainajan elinaikaisesta pankkiasioinnista - Osuuspankin pankkivirkailija käyttäytyi aggressiivisesti asiakasta kohtaan ja käytti arveluttavia verbejä asiakkaaseen liittyen Jotkut yritykset kantavat vastuun toiminnastaan , jotkut eivät . 				tällälaila tekee  osuuspankki väki varmasti vie rahasi jos olet sijoittaja . 			Nordea kasvattaakin viime vuodelta maksettavaa osinkoa . 		Korko on myös suurempi kun Nordealla
Op on pop Osuuspankki on paras pankki ! 	Hoidin yhden perikunnan asioita ja voi jeesus mitä meininkiä Osuuspankissa onkaan !	Mielestäni Osuuspankki on Suomen pankeista toistaiseksi vielä ihmisläheisin , mutta ongelma ei ole Osuuspankki tai Nordea tai Säästöpankki , vaan koko pankkilaitos tällaisena . 	Marginaali oli samoissa muiden kanssa , mutta lainaturva järkyttävän paljon halvempi kuin Osuuspankissa				EIPÄ OO ENÄÄ LUOTTAMISTA KAINNUN OSUUSPANKKIIN, EIKÄ MIHINKÄÄN TÄÄLLÄ KAINUUSSA . 			Osinko nousee 0,34 euroon osakkeelta viime vuoden 0,26 euron osingosta Nordean vuoden viimeisen neljänneksen liikevoitto kipusi 1 059 miljoonaan euroon edellisvuoden vastaavan ajankohdan 1 029 miljoonasta eurosta . 		Maksuttoman rekisteröinnin voit tehdä kätevästi verkkopankissa kohdassa Kortit konttorissa tai soittamalla Nordea Asiakaspalveluun ja tunnistautumalla pankkitunnuksillasi . 
Osuuspankin johtaja on ehdottomasta paras ja ystävällisin asiakaspalvelija . 	En suosittele Osuuspankkia itse vaihdoin juuri sieltä pois ! 	näinhän se on , osuuspankissa puututaan vain kirjaimia , ei numeroita ja lisäksi maksetaan ystävällisestä palvelusta , toivottavasti et ottanut suurta lainaa tuollaisilla ehdoilla . 	jätin Osuuspankin taakseni jo 15 vuotta sitten kalliin hinnan takia eikä ole tullut tarvetta mennä takaisin . 				Nääs nykyisen pankin ( Nordean ) kanssa on tullut jo liian monta ylläriä 1. piti tehdä tärkeä nettimaksu , ja tunnuslukutaulukko olikin vanhentunut . 			Nordea-pankki ja Sampo ovat 2 Suomen ylivoimaisesti suurinta pankkia ja kasvavat jostain kumman syystä huimaa vauhtia koko ajan Suomen ulkomaantietoliikenteestä 98 prosenttia kulkee Ruotsin kautta . 		Mitä ilmeisemmin olet kyllä yhtä toivottu asiakas niin Nordeaan kuin Aktiaankin , se vaan kun olit Aktiaan siirtymässä niin ottivaat asiasi paremmin hoidettavakseen ja sitten sinulle sattui Nordeassa huonot virkailijat ja ehkä se että ei asuntolainasi kuitenkaan ollut Nordeasta vaikutti sekin . 
Osuuspankki nyt vielä menettelee , mutta nordea on perseestä . 	Aloittaja on kokenut Osuuspankin palvelun huonoksi ja kirjoittaa siitä tänne . 	Olen siirtynyt ajat sitten Alajärven osuuspankkiin , enkä ole katunut 	Bonuksien jälkeenkin osuuspankin tarjous oli kaikkein kallein . 				olin onneksi maksanut MasterCardilla , mutta taistelu oli pitkä ja verinen ja vaati lukemattomia sähköposteja sinne ja tänne , ennen kuin Nordea Rahoitus päätti , ettei peri minulta tätä huijaussummaa . 			Nordealla näyttää menevän hyvin ,. ja parasta mennäkin , ostin 1000kpl Nordean osaketta hintaan 8 , 9 ja nyt se on jo 9 , 3 :P 		kyllä tää on ihan paska pankki , vaihtakaa vaikka  Nordeaan 
Osuuspankki on hyvä paikka sijoittajalle , jos ei itse osaa osakekauppaa tehdä . 	" lainaturva järkyttävän paljon halvempi kuin osuuspankissa " niin , kannattaako ottaa lainkaan , on melko ankarat ja monimutkaiset ehdot . 	Onko se niin vaikeaa mennä NORDEAAN ja sanoa tili irti ja kävellä OSUUSPANKKIIN vaikka kun siellä palvelumaksut ovat huomattavasti pienemmät verrattuna Nordeaan ? 	Kysyimme remppalainaa Osuuspankista ja saimme tyrmäävän vastauksen , laina järjestyisi mutta kun laskee 400 euron perustamiskulun päälle , todelliseksi vuosikoroksi tulee yli 36 % !!! 				Ihme huijausta ja teki mieli mennä huutaan Nordeaan oikein kunnolla : / 			otin jo , kysyttiin että meneekö pankeilla heikosti ja vastasin oman kokemuspiirini mukaisesti , Nordealla tuntuu menevän hyvin ., muut viestini sitten olivat tietojen oikaisua ja sen sellaista , ja nyt tämä viesti tuntuu menevän pastan jauhamiseksi ,. 		Nordea pankin lakiosastolta ilmeisesti se järki löytyy . 
Pankin valintaa kannattaa ajatella pitkemmällä jaksolla ja Osuuspankki on ehdottomasti hyvä vaihtoehto ihmiselle joka osaa hoitaa raha-asiansa . 	Hintaturvavedätyksestä sen verran että A ) tavattoman primitiivinen lomake täytettävä , ei voi suoraan täyttää eikä tallentaa B ) sit piti skannata erikseen C ) hautoivat hakemusta niin kauan ettei nettilinkkinä annettu toisen liikkeen alennus enää ollut voimassa ja rupesivat kuukauden päästä kyselemään paperiversiota En halua kuullakaan koko skeidakolmikosta enää , siis Gigantti , AIG ja Nordea	Osuuspankin johtaja on ehdottomasta paras ja ystävällisin asiakaspalvelija . 	Huuhaa pankki Osuuspankin ylimielisyys on käymässä heille taakaksi . 				Nordea petti taas kuten viime vuonnakin rahat olivat tilillä vasta päivällä . 					Tänne Lieksaan on tulllu Siilinjärven POP Pankki Siksi koska tuo NORDEAN konttori loppuu olisin vaihtanut pankkia Tähän Rahalaitoksen EI kannata pyrkiä asiakkaaksi tyhmyyttäni yritin avata sinne tilin jolla hoitaisin netti pankin ja Visa elektron kortin , mutta kun mulla oli pari merkintää asiakastieto Oy:ssä EI HUOLINEET ASIAKKAAKSI ihmettelen suuresti tuollaista asiakas palvelua se on kyllä IHAN perseestä eivät tule saaman ainakaan tuollaisella asiakaspalvelulla hyvää mainetta jos olet Harkitsemasa tuota kyseistä Pankkia niin kierrä kaukaa ja OP .ssa toivotettiin tervetuleeksi joten en viitsi tässä ääneen kertoa mitä haluaisin sanoa tälle POP Pankille EN ollut pyytämässä lainaa yhtään euroa voiko joku mulle tyhjentävsti perustela tuon POP Pankin toiminna ko Pankista että mitkä on perusteet kohdella asiakasta noin töykeästi Tv Tuomo Immonen Pankakoski Älä laita rahojasi pankkiin vaan sijoita jokunen satanen koulutukseen . 
Pankki , johon teidän kannattaa ehdottomasti liittyä , on Pohjanmaan Osuuspankki	Ei mielellään Nordeaa. Unohda Nordea.	Osuuspankin johtaja on ehdottomasta paras ja ystävällisin asiakaspalvelija . 	Osuuspankissa ei puhuta enään kuin bonuksista , kuitenkaan ei maksa korkoa käyttötileille ja lainamarginaalit ovat korkeimmat . 				Hintaturvavedätyksestä sen verran että A ) tavattoman primitiivinen lomake täytettävä , ei voi suoraan täyttää eikä tallentaa B ) sit piti skannata erikseen C ) hautoivat hakemusta niin kauan ettei nettilinkkinä annettu toisen liikkeen alennus enää ollut voimassa ja rupesivat kuukauden päästä kyselemään paperiversiota En halua kuullakaan koko skeidakolmikosta enää , siis Gigantti , AIG ja Nordea					Vain suomalaisten rahat kelpaavat : Nordean suunnattomasta liikevoitosta lähes puolet tulee Suomesta , vaikka pankki toimii Saksaa lukuunottamatta kaikissa Itämeren maissa . 
Siirryin Sampo pankista Osuuspankin asiakkaaksi , ei pelkästään nettiongelmien takia , vaan sen takia , että Osuuspankki on kotimainenpankki . 	Siis Nordeaa ei kannata valita . 	Osuuspankki oli minulle sopivin . 	kerro hyvä ihminen missä semmoinen osuuspankki on onkylläsemmoiset kokemukset osuuspankista että ei se aina oikein pankilta tunnu siellä ei saa määrätä ers omia rahojakaan siellä istut sijoitus neuvojan kanssa kopissa ja se latelle sulle mitä ostat tai myyt ja varmasti menee pankin hyödyksiainakin raumalla on niinetevät neuvojat , jos rauman sijoitus neuvoja huomaa että nyt asiakas taitaakin tietää jotain sijoituksista . 				Mermaid elikkä kotoisemmin Merenneito oli sen sijoitusrahaston nimi , jonka kautta Nordeasijoitti asiakkaidensa varoja Madoffin huijaukseen , kääri omat voittonsa rikolliseksi todetusta toiminnasta ja ilmoitti asiakkailleen , että valitettavasti viittä yritystä niiden sadan joukossa , joihin varanne oli sijoitettu , kohtasi konkurssi ja kaikki teidän varanne hävisivät taivaan tuuliin . 					
Säästöpankit, Osuuspankit ja Paikallisosuuspankit ovat suositeltavia , koska ne ovat pieniä tai pienehköjä ja asioistaan saattaa päästä keskustelemaan sellaisen pankkilaisen kanssa jolla on päätösvaltaakin . 	Osuuspankki nyt vielä menettelee , mutta nordea on perseestä . 	siinä kolmessa vuodessa on osuuspankin bonusjärjestelmä parantunut huomattavasti , ja bonusten vaikutus marginaaliin on todellakin tällähetkellä paljon parempi kuin tuo 0,12 % joka on ollut siis vuonna 2006 , eli nytten jää palvelumaksujen jälkeen todella paljon enemmän bonuksia .......  	Minä olen pettyny Osuuspankkiin jo kaksi kertaa				Tänä aamuna Nordean ukko puhui potaskaa koskien verotusta . 					
Terveyskeskus : Palvelua ( aikoja ) ei saa , vaikka haluaisi Eläinlääkäri : Saa kiinni joskus , mutta ei yleensä S-market ja Osuuspankki on ainoat , missä on sivistynyttä ja normaalia palvelua ja asiointi on sujuvaa . 	Nordeassa tämä onnistuu vain tietyissä konttoreissa ja sielläkin vain klo 10-13. Törkeää ! 	Terveyskeskus : Palvelua ( aikoja ) ei saa , vaikka haluaisi Eläinlääkäri : Saa kiinni joskus , mutta ei yleensä S-market ja Osuuspankki on ainoat , missä on sivistynyttä ja normaalia palvelua ja asiointi on sujuvaa . 	Olin muuten itse osuuspankin asiakas mutta sen pyörityksen , ammattitaidottomuuden , vainajan omaiseen ylimielisesti suhtatuminen ja vittuilun jälkeen en kusekkaan ko.laitokseen päin ... 				Ikäni jo sietänyt tuota Nordean vedätystä sekä yrittäjänä että yksityishenkilönä . 					
Sammossa olen joskus käynyt ( oli muuten hyvä käynti ) Nordeassakin oli hyvä juttu mutta Optian virkailija ei osannut vastata juuri mihinkään mun kysymyksistä . 	Meillä siirryttiin Nordeasta Op:hen Töykeiden ja osaamattomien virkailijoiden vuoksi . 	Tosin Osuuspankin palvelu oli mukavempaa ja sain leffaliputkin synttärilahjaksi . 	Koska Osuuspankin ainoa tarkoitus on saada asiakkaan verenpaine nousemaan , ja koska jo muutenkin syön verenpainelääkkeitä näen ainoaksi ratkaisuksi kävellä joulun jälkeen Nordeaan kysymään , että kiinnostaako niitä siirtää asuntolainani sinne . 				Ensin Nordea kusettaa kurssissa , sitten Nordea haluaa pari prosenttia ja sitten vielä kertakorvauksen . 					
Virheitä sattuu kaikille - myös pankkivirkailijoille ja asiakkaille - ja nyt täytyy kyllä kehua Nordean ystävällistä asiakaspalvelua ja nopeaa toimintaa ! 	Nordea on surkea ja aikansa elänyt ! 	Vakuuttaminen on osuuspankin viime vuonna aloittaman Pohjola-yhteistyön ansiosta entistä edullisempaa . 	Ystävällisyyskin muuttui samantien töykeydeksi mutta eipä haittaa , haistatan paskat koko puljulle ja vaihdan  osuuspankkiin				eikös nordeassa ole todella heikot talletuskorot ja siinä yhdessä jossa on parempi , on " vapaakuukausi aina joka vuosi , jolloin talletetaan , eli korko on 13 kk korko eli n. 10 % heikompi kuin nimellinen tilin korko , hieno tapa hämätä . 					
.. on ollut ihan hyviä kokemuksia Nordean asiakaspalvelusta , vaikka olenkin sikäli huono asiakas , että ainoastaan tallettelen ja sijoittelen sinne rahaa ja käyttelen käyttelytiliä . 	Yritin mennä maksaa yhden laskun , kun siinä on eräpäivä tänään , eikä normaali Nordean sivusto toiminut . 	Vertaile ennen vaihtoa Olen Osuuspankin asiakas, tyytyväinen sellainen, ollut jo 30 vuotta .	Ilotulitukset maksaa osuuspankki kun köyhiltä peritää pankkiasioinnista palvelumaksut kalliimasta päästä niin työtönkin joutuu maksamaan työmarkkinatuestaan . 				Haloo Nordean , tietoturva on ihan perseestä . 					
Lisäksi antoivat erivaihtoehtoja nykyisten luottojen siirtoon OP:stä Nordealle	En pääse kirjautuymaan Nordean verkkopankiin , kun se helvetin kirjautumis ikkuna ei påysy auki kuin muutamansekunnin . 	Virheitä sattuu kaikille - myös pankkivirkailijoille ja asiakkaille - ja nyt täytyy kyllä kehua Nordean ystävällistä asiakaspalvelua ja nopeaa toimintaa ! 	Osuuspankki on kyllä kaamea firma . 				Nordea on pettänyt minut kyllä pahasti tässä . 					
Vaihda kunnon täysveriseen pankkiin , vaikka Nordeaan mieluummin	Tuo Perkeleen Nordean verkkopankki saattaa tosiaan tökkiä . 	Minusta Nordean käyttörutiini on aivan sopiva ! 	Osuuspankki keksinyt kaikkea muutakin pientä jäynää käyttäjille : - Enää ei voi kirjaantua henkilökortilla - Enää ei näe tilin saldoa heti kun kirjaantunut sisään - Pitää käyttää avainlukuja jo heti kun on kirjaantunut - Laskuissa on käytössä erikseen vahvistus ( yllä olevien lisäksi ) - Käytössä joku ihmeen puhelinvarmennus isoissa summissa ... 				Nordea huijasi . 					
On meriitti jos on työskennellyt Nordeassa vaikka niska limassa saa töitä painaakin	Perkeleen NORDEA pankki ei toimi !!! 	Nordea on kaikkein joustavin pankki ! 	On meriitti jos on työskennellyt Nordeassa vaikka niska limassa saa töitä painaakin				Aika ovelan harhaanjohtavaa on Nordean verkkosivujen informaatio ulkomaanmaksusta . 					
Nordean mobiilipankki sovelluksessa on tuo viivakoodi juttu ainakin Lumiassa on helppo scannata koodit laskuista , on kyllä safe 	Mikä vittu Nordean palvelussa mättää ???? 	( Nordean osakkeenomistajana onkin ihan mukava olla ) Rahastoilla ( mieluiten toki indeksirahastoilla ja indeksiosuusrahastoilla eli etf:llä ) on kuitenkin etunsa , ja se on sitä suurempi mitä eksoottisemmille markkinoille mennään . 	Wahlroos tunnetusti vihaa köyhiä joten köyhien on lähdettävä Nordeasta kun hän sinne asettuu . 				Nordea on ryöstöfirma ! 					
Hyvin toimii tuo virallinen Nordean verkkopankki .	Nordea on huono pankki joka suhteessa	Nordeassa on siihen nähden suorastaan " halpaa " , 1,86 % . 	Vika voi olla Nordeassakin				" 2 Ruvettiin kysymään avainlukua SEKALISESSA järjestyksessä , " tuo oli ainakin hyvä parannus , Nordeassa mennään järjästyksessä , siihen en luota ja nordeassa ei edes PIN lukua , oletkos katsonut kaikki veloitukset , ettei vaan jokin tuttu ja paljonkäytettyä Laskusi nimellä , Esim sähkölaskusi , vuokranmaksusi tai luottokorttimaksusi NIMELLÄ olisi maksettu muuaalekin " rikolisen tilinumerolle " , kuin tarkistaa huolella huomaa joskus että kaikia veloituksia ei todella ole tullutkaan , molemmin päin voi tapahtua . 					
Toistaiseksi tosiasia on , että joissain kohdissa Nordean palvelut ovat monipuolisemmat kuin esim. S-pankin , ja se on sitten omista tarpeista kiinni että tarvitseeko niitä palveluita . 	Nordea on huono pankki . 	Nordean valikoimasta Maailma indeksirahasto on kohtuullinen , vaikka onkin lähes 4 kertaa kalliimpi kuin edellä mainittu etf ( TER eli kulusuhde 0,75 vs 0,20 + erot merkintä- ja lunastuspalkkioissa ) . 	Ulkomaanmaksuista Nordea on taas perinyt isommat palvelumaksut , jos vahingossa valitsee toimitustavan tms. sellaiseksi , että euromaksun ehdot eivät täyty . 				Enempää en asiaa enää lisää , mutta mainitsit nordean verkkopankin heikkouden tunnistautumisessa . 					
Kävin Nordean sivulla täyttämässä palautelomakkeen ja sain nopeasti vastauksenkin . 	Nordea on aivan paska pankki 	Edelleen olen muuten sitä mieltä , että Nordea teki oikein .  	Tämä on Nordealta silkkaa kieroutta . 				Nordean E-maksusivulle mennessäni Firefox ilmoitti , että sivu ei ole aito , vaan yrittää tekeytyä Nordean sivuksi , eikä pystynyt varmentamaan sivun turvallisuutta . 					
Kyllä ainakin  Nordea toimii moitteettomasti Operalla . 	Nordea sählää ! 	Nordeastakin saa paremman tuoton . 	Tulin siihen tulokseen että haluavat nordeassa vain maksattaa pörssi osinkonsa asiakkaita rahastamalla vaikka tuovat palkkapussinsa pankkiin . 				Nordea kusetti firmaani vuosia ja oli osasyllinen konkurssiini ja kassavajeeseen . 					
Nordean verkkopankki on nopea ja helppo . 	En edes valittanut mistään , totesin vain että Nordea hölmöilee	Myöhemmin sain Nordeasta melko halpakorkoisen joustoluoton , jolla maksoin sitten Elloksen lainan pois . 	Tuli aikoinaan siirrettyä tili Nordeasta Tapiolaan , kun tapiolassa oli vakuutukset ja pankkipalvelut ilmaisia - samaan aikaan Nordea nosti rajusti palvelumaksujaan . 				Kyllä nyt meni luottamus Nordeaan täydellisesti , kun ei näköjään mikään riitä , ei keskittäminen pankkiasioissa , eikä mikään muukaan .  					
Yksi parhaista ( Morningstarin mukaan ) on ollut Nordean Suomi indeksirahasto , joka seuraa OMXH Bench Cap - indeksiä . 	Nordean tili on huonoin , kiun nostaa ATM:sta rahaa ulkomailla . 	Miten voi olla mahdollista etten saa lainaa mistään , tosin sain kyllä Nordeasta välittömästi kun siirsin sinne tilini op:stä , joten ei tuo ole enää ongelma . 	Toki jos olet joku köyhä niin ei  Nordea halua sinua . 				Aika ovelan harhaanjohtavaa on Nordean verkkosivujen informaatio ulkomaanmaksusta . 					
Etukäteislyhennys todella onnistuu ainakin Nordeassa ja Osuuspankissa . 	Nopeasti laskettuna Nordea menetti Aktialle tässä tapauksessa n. 15.000 euron vuotuiset korko- vakuutus- ja muut palkkiotuotot siitä syystä , että heidän avainasiakaspalvelunsa taso ainakin tässä tapauksessa vastasi lähinnä peruskassapalveluita . 	No, käynti Nordeassa kannatti ja asunnonvaihtolainamme järjestyi paljon paremmilla ehdoilla ja tottakai siirryimme Nordean asiakkaiksi . 	toi 10% on meikein alakanttiin Nordea antaa niin huonon kurssin									
halvalla , eikä Suomessa , shittilaatua joka tapauksessa , Nordea tuohi-kortti näyttää laadukkaalta . 	Ihan samanlainen kokemus Nordean palvelu ei ollut tarpeeksi hyvää ja toimivaa . 	Mies tykkää Nordean palveluista eikä pois vaihtaisi , samoin vakuutukset on hänen kilpailuttamiaan ja ostamiaan eikä halua vaihdella paikasta toiseen . 	Tarjous oli vielä huomattavasti edullisempi kuin Nordean									
Sampo pankin ja Nordean kortit toimivat . 	Kyllä teillä on sattunut huonoja virkalijioita  Nordeassa	Minulle aikanaan oli nimenomaan Nordea ihan pelastus , kun muut suhtautuivat torjuvasti laina-hakemuksiini hankalassa elämäntilanteessani ja vain Nordeasta lainan sain investointiini joka hyvin kannattava on ollut . 	Sukulaisen kuoltua en meinannut millään saada lopputilitystä varten tiliotteita , työ ja tuska siinä oli ja ajattelin että saa paljon virrta vettä Vantassa ennen kuin Nordean ovenkahvaan tartun uudestaan . 									
Toki alaa saa vaihtaa , mutta kuka nyt hyvästä duunista Nordeasta haluaa pois ? 	Tuo Nordean verkkopankki on suuri susi jo syntyessään . 	Itse kävin Nordealla lainaneuvottelussa ja palvelu oli ihan asiallista . 	Silloin Nordeassa muuttuu äänensävy ja tiedät olevasi pelkkää paskaa . 									
Yksi ihan hyväksi koettu juttu on esim. Nordean e-possu	Tänään tehtiin mun paikallisosuuspankin tilille siirto entisestä sampo pankista ( mikä danske banks nykyään ) ja ihmettelen sitten että koska mahtaa näkyä tämä raha koska tänään on vielä sunnuntai-- oon aina ihmetellyt tuota nordean hitautta näissä siirroissa vieraaseen pankkiin- 	Nordean asiakaspalvelu vastaa ystävällisesti : Klo . 	Salon Nordeassa yritysneuvoja sanoi minulle että olet ei toivottu asiakas ei haluta anneta mitään palveluja lopeta tili ja laita tapaturmaeläkkeesi johnkin toiseen pankkiin että näin noprdeassa ja nalle nauraa kyykyttää meitä köyhiä 									
Nordea on hoitanut minun asiani moitteettomasti . 	Nordea on tosiaan todettu ihan mielettömän hitaaksi . 	Sain kysyttyä kaiken mitä halusin tietää ja sain keskusteltua myös omien vakuutusten siirtämisestä nordean alla toimivalle vakuutusyhtiölle . 	Ruotsalainen henkilöstö Nordeassa on jo pannut jauhot suuhun , koska kohahduttaa sielläkin tökeröillä lausunnoillaan . 									
Mä olen käyttänyt Nordean visa electronia , joka on kyllä toiminut . 	Nordealla on muutoinkin tehty ulkomaille maksaminen äärimmäisen vaikeaksi . 	Nordea ja H-B suhtautuivat asiallisesti ja sopimus syntyi Nordeassa ilman kummempia neuvotteluja . 	Rahat tuli tänään tiulille , aika messevät kulut nordeassa :P									
Nyttemmin sitten on palvelu Nordeassa vain parantunut entisestään .  	On kyllä harvinaisen sekavaksi tehty Nordeassa noi ulkomaanmaksut . 	Meillä lainakilpailussa Nordea on tällä hetkellä kovasti niskan päällä . 	Pienen yrityksen , joka tarvitsee kassapalveluja , alkaa olla mahdotonta käyttää Nordean pankkipalveluja . 									
En voi vähimmässäkään määrin moittia käyttämäni Nordean konttorin palvelua	Nordeaa parempi on helppo olla . 	Itse olen oikein tyytyväinen Nordean omistaja-asiakas . 	Pankki rahastaa köyhää – ”Käsittämätöntä” Nordea-pankin kesäkuussa voimaan tuleva palvelumaksujen korotus tyrmistyttää . 									
Kyllä on Nordea on SEPA-maksuissa yhtä nopea kuin muutkin pankit . 	lisäksi nordeassa on se huono puoli , että rahastojen myyntejä ei voi tehdä ilman salkkupalvelua ja arvo-osuustiliä . 	ainakin pienemmille summille ( alle 5000e ) nordea tarjoaa ( tai ainakin syksyllä tarjosi ) parempaa korkoa kuin esimerkiksi eQ . 	Pankki Nordea on markkinoiden kallein , johtuen henkiturvamaksusta joka nousee eksponentiaalisesti , myös eläkeiässä . 									
Itsekään en niitä paljon tunne enkä käytä kuin ihan perussalkkupalvelua ja rahastotietoja , mutta Nordean verkkopalvelut kattavat kyllä hyvin laaja-alaisesti erilaisten sijoittajien tarpeet piensijoittajista suuryrityksiin . 	Nordeassa netin kautta lähetettyihin kysymyksiin vastataan päivien viiveellä . 	Nordeassa aina ystävällinen palvelu ! 	Palvelumaksujen maksimoiseksi Nordea toivoi tietysti mahdollisimman monen maksavan kalliilla välityspalkkiolla euromääräisen maksut ulkomaankasuina . 									
Näin , kaikki mitä op:ssä yritin noin 6kk ajan hankkia sain Nordeassa 20 minsan käynnillä ilman mitään aikasempaa asiakkuutta . 	Nordea ja Danske Bank alkavat olla todella surkeita ja hoidat kaiken itse , sekä maksat vielä palvelumaksut päälle . 	Oman kokemukseni mukaan edullisin vaihtopaikka on kotimaan pankki  Nordea	OP-pankissa henkilökohtaisesti asiointi tarkoittaa yleensä pitkää odottamista ( kuten Danske Pankissa ja Nordeassakin ) ja raskasta rahastusta . 									
Oman kokemukseni mukaan nettipankit toimivat molemmissa , päivittäisasioinnissa OP : n palvelut ovat parempia , sijoituspuolella Nordea on helpompikäyttöinen , mutta toisaalta en ole OP : n aktiivisijoittajapalveluita tilannutkaan , en tiedä paljonko ne auttaisivat asiaa .  	Nordeaan en itse ole kovin tyytyväinen , huonoimmat lainatarjoukset , huonoin verkkopankki . 	Esimerkiksi Nordeaa pidetään kovin kalliina , mutta minulle Nordea on hirmu edullinen . 	Onko se niin vaikeaa mennä NORDEAAN ja sanoa tili irti ja kävellä OSUUSPANKKIIN vaikka kun siellä palvelumaksut ovat huomattavasti pienemmät verrattuna Nordeaan ? 									
Petyin uudestaan , mutta sepä varmisti sen , ettei enää tartte muusta haaveilla kun Nordea hoitaa homman . 	Mielestäni Nordea on paska pankki		Olen niin niin pettynyt  Nordean paskaan.									
Paras Pankki on  Nordea !	Olen ihan täsmälleen samaa mieltä , että Nordea on paskapankki .		näin täällä Ei pääse Nordean tiskin takana aivan tuollaisiin ansioihin , enkä usko , että esimiehenikään . 									
Minun kohdallani homma on pelannut juuri päinvastoin eli siirryin Op:sta pois ainaisten sössimisten vuoksi juurikin Nordeaan jossa homma on toiminut erinomaisesti . 	Kuinka helvetissä ihmiselle elintärkeä ' palvelu ' EI TOIMI ainkaaan NORDEA nimisessä paskapankissa ???? 		Nordeasta olen jo lukenut tarpeeksi ei kiitos , Dansken tilit lähtee kun vain tietäis mihin pankkiin . 									
Parhaimmat pankkipalvelut Nordeasta ja POP-pankista	Nyttemmin tämä järjestelmä kussut niin monesti että olen aivan kyllästynyt Nordean suoravelotuksen toimimattomuuteen ja sallimattomuuteen että ajattelin valmistujaiseni jälkeen siirtää kuukausiansioni johonkin parempaan pankkiin jossa lainajärjestelyt toimivat sulavammin verkkopankissa . 		Nordeasta jäi ikävä sivumaku , kun henkilökohtainen pankkineuvoja lopetti työnsä eikä pankki vaivautunut edes ilmoittamaan muutoksesta mitenkään . 									
Parhaat kokemukset tähän mennessä paikallisesta Nordean konttorista . 	Nordeassa se kämmäily tietyissä asioissa on paljon yleisempää ja ne perustelee sen vielä olevan ihan ok ! 		Nordeassa oltiin töykeitä . 									
Nordeassa pääsee heti , kun soittaa suoraan omalle pankkineuvojalleen , me saatiin ainakin aivan normaali 03-123456 numero , käyntikortissa ja lisäksi sanottiin että pankkiajan ulkopuolella kun soittaa , pitää näppäillä asiakasnumero , niin pääsee nopeammin . 	Huonoin Nordea , tarkoitan sen joitakin toimihenkilöitä , voineet olla jo Meritan aikalaisia . 		Nordeassa olen mukamas avainasiakas , mutta silti tarjosivat minulle paljon ( satasista puhutaan ) kalliimpia auto- ja kotivakuutuksia . 									
Tosin avainasiakashenkilöni Nordealla oli tuolloin niin hyvä , etten olisi edes lähtenyt heti , jos olisin marginaalisesti paremman marginaalin saanutkin jostain muualta ... 	Ja Nordean asiakaspalvelu ttökkii aivan tolkuttomasti ... 		Nordeassa kun käyn pari kertaa vuodessa ( enintään ) tallelokerossa saa aina jonottamisesta tarpeekseen , joten eipä tule mieleenkään sinne tiliä vaihtaa vaikka Handelsbankenin kaikki palvelut muuttuisivat muiden lailla maksullisiksi . 									
Nordea on ihan hyvä pankki ja olen aina saanut hyvää palvelua . 	PASKAT ETTÄ NORDEASSA TÖKKII V-TTUUN TUO ULKOMAANMAKSUT LINKKI ETTÄ ON TORVELOA ASIAKASPALVELUA ! 		Nordeassa " palvellaan " pärstäkertoimen mukaan . 									
Nordea tai OP pohjola ei mitään ongelmia , rahat ei lopu 	Totta, Nordea on ollut alusta asti huono , eikä niikuin op , että alussa oli hyvä ja helppo , nopea ja turvallinen käyttää , ja nyt pikkuhiljaa tehdään kokoajan hankalemmaksi ja epämukavammaksi käyttö , ja hitaammiksi 		Nordean pääpomolla ahneus pani muuttamaan Ruotsiin . 									
Olen sinun kanssasi ihan sammaa mieltä Ei ole tavallisen ihmisen pankki porvareille ja suurpääoman omistajille sopii parhaiten mutta pittää kyllä kiittää Nordeaa yli 13 vuotta kestänestä asikaspalvelusta siinä ei ole kyllä moitittavaa sain asunnon Nordean kautta hyvillä laina ehdoilla eikä olut niin tarkkaa jos oli tiukkaa aina sai sovittua maksun niin että sen pystyy kivuttomasti hoitamaan PALJON KIITOKSIA JA RUUSUJA NORDEA PANKILLE  	Eikä nokian WP Nordean sovelus ole toiminut lainkaan . 		Nordean pankkikorttimaksu KAKSINKERTAISTUU huhtikun alussa , törkeää ! 									
Niin kyllä Nordeassa on ollut niin hyvä palvelu että kyllä en irti sano tiliä tuosta Pankista jätän sinne jonkin verran pahanpäivän varalle vaikka onistuisin saamaan op . 	Eipä näy windows Nordea sovelluskaan toimivan lainkaan .... 		Nordean palvelut pääjohtajan öykkäröinnin ja ahneuden vuoksi saa jäädä sivuun . 									
Nordean asiakkaana pysyn , laskut voi maksaa netin kautta , ei ongelmaa ! 	Mielestäni nordea on paska 		Nordealla on varaa koska nyhtävät kaikesta muusta maksuja niin jostain muutaman kymmenen sentin kortista ei tarvitse nipottaa . 									
Olen nyt alkanut kallistua Nordean suuntaan , se vaikuttaa jotenkin hyvältä ... 	Nordeaoli joskus ihan OK , mutta nykyisin kaikkea muuta ... 		Nordeahan on vain rikkaiden paskapankki , jossa ei köyhät saa palvelua eikä lainaa . 									
	NORDEA ON paska PANKK !!!!!!!!!!! 		Nordeaan en itse ole kovin tyytyväinen , huonoimmat lainatarjoukset , huonoin verkkopankki . 									
	Nordea kuppasi kahdessa vuodessa meiltä 250000 euroa joka oli ratkaiseva summa elämän ja kuoleman välillä . 		Nordeaan en ainakaan halua									
	&gt ; suuressa ja mahtavassa Nordeassa , jossa tuhrataan käytettyjä lukuja Nordean verkkopankki on erikoistyperä . 		Nordea se onkin vasta v-mäinen , vaihdoin itse sieltä Tapiolaan , kaikkein käytettävin nettipankki , eikä mitään maksuja tilistä ja korteista . 									
			Nordea rahastaa siis jokaisesta palvelusta erikseen ja yhteenlaskettuna palvelut tulevat vuodessa maksamaan PALJON . 									
			Nordea on P E R S E E S T Ä . 									
			Nordea on muistaakseni kallein									
			Nordea on ihan oma lukunsa heidän vaihtokurssit ja palvelumaksut sun prosentit on ihan hanurista . 									
			Nordea näyttää päättäneen , ettei pienyrityksiä enää asiakkaina tarvita . 									
			Nordea nostaa kaikkia palvelumaksujaan 1.6.2011 alkaen , joten äänestin jaloillani ja vaihdoin pankkia . 									
			Nordea laatuhajonta jotkut ( varsinkin keski- ikäiset ) virkailijat ovat epäasiallisia , ja jos tiskille menee jonkun ongelman vuoksi niin aletaan pakkokauppaamaan lainoja ja vaikka mitä tuotteita . 									
			Nordea kohtelee kaikkia asiakkaita yhtä huonosti , ei se kauaa pystyssä pysy . 									
			Nordea ei tuostakaan sen tarkemmin informoinut . 									
			No , siinä tapauksessa olisit tietysti voinut vaahdota täällä siitä , kuinka Nordea juoksuttaa asiakasta kyselemällä turhia ... 									
			Niinpä sitten keksin , kuinka pääsen kostamaan Nordealle heidän pilkkansa . 									
			N. 100 e halvempi kuin Nordea									
			Mutta nyt Nordea on osoittanut ynseytensä sillä , että siellä on surkeat korot määräaikaisilla tileillä ja myöskin säästötilillä ( etutili ) . 									
			Meillä siirryttiin Nordeasta Op:hen Töykeiden ja osaamattomien virkailijoiden vuoksi . 									
			Luottokortilla voi maksaa isoissa paikoissa isompi ostoksia jos vastaan tulee mutta arki hoidetaan käteisellä- Esim Nordea tililtä kun nostat vaikka Electronilla rahaa niin Nordealla on paskha kurssi ja sitten ottavat vielä kertanostopalkkion ja nostosummasta prosentit ja sitten thaiautomaatti vielä ottaa muutaman euron joka nostosta ja korttien kopioiminen automaateissa ei ole tavatonta Thaimaassakaan . 									
			Käytännössä et siis tule koskaan saamaan Nordealta apua vaikka sinulle on myyty superkallis vakuutus . 									
			Kun Nordeasta alkoi tulla postia , peruin sen heti ja laitoin liikkeelle ja pankille ikävää palautetta asiakkuuteen pakottamisesta . 									
			kiitos vaan vastauksista mutta enpä tajunnut tuon taivaallista , paitsi sen että Nordeapankissa on myyjä ei neuvoja , sen jopa tiesin jo etukäteen . 									
			Joskus konttorissa rahastolunastusta tms. hoitaessa on sattunut nihkeä keski-ikäinen virkailija ( joka vieläpä lunasti rahasto-osuuteni  Nordean käteistilille ja sain valittaa asiasta ... 									
			Joka kerta , kun olen ollut yhteydessä Nordean asiakasneuvojaan olen saanut todella nihkeää palvelua . 									
			Ja oli kyllä törkeän kalliit nuo Nordean ottamat kulut välistä .... 									
			Itse olen ollut Nordean asiakas käytännössä koko ikäni , mutta heidän asuntolainatarjous oli täysin mettässä . 									
			Indeksiä seuraava passiivinen rahasto , jonka hallinnointikulut olisivat olleet vaikkapa puolet noista Nordean rahaston hallinnointikuluista , olisi tottakai tuottanut säästäjälle selvästi enemmän , tässä tapauksessa 94 , 1% , jos laskin oikein . 									
			Haloo vanhuksen pitäisi nauttia säästöistään itse eikä ruokkia tässä tapauksessa Nordean sijoitus myyjän manipuloinnista . 									
			En suostu enää rahoittamaan suomalaisia pankkeja edes kuudella prosentilla joka on halpaa nordeaan verrattuna . 									
			Eipä näy olevan pankkikohtainen ,,, samalaisen sain Nordeasta ,,, Selkeästi eriarvoistetaan pankin asiakkaita ,,, siis kenellä on vähiten , se maksaa eniten ,,, Mut minkäs noillekkaan mahtaa ?,, ei mitää , kun kaikki kierrätetään nykyisin pankin kautta , joten ei auta kun maksaa ,,, Ja se suoraan pankin tiskillä maksaminen ,,, se on aivan järkyttävä summa ,,, Tässä joku aika sitten oli pankin nettiyhteydessä jotain ihmehäikkää ,,, menin tiskille maksamaan , niin eivät perineet mitään ,,, koska , pankista voidaan seurata sekin kuinka usein joku käy tilillään !!!,,, ei pitäs pystyä , mutta niin vaan on , ainakin Nordeassa ,,, 									
			eikös nordeassa ole todella heikot talletuskorot ja siinä yhdessä jossa on parempi , on " vapaakuukausi aina joka vuosi , jolloin talletetaan , eli korko on 13 kk korko eli n. 10 % heikompi kuin nimellinen tilin korko , hieno tapa hämätä . 									
			Automaatissa taitaa 20000bahtia olla kertanoston maksimi eli jos leikitään että se tekisi 9 nostokertaa se 4000 euroa niin ensin thaipankille 9 x 150baht = 31 euroa , Nordean kertanostopalkki0 9 x 5 euroa = 40 euroa , Nordea ottaa vielä 2 , 5% koko summasta = 100 euroa ja Nordean kurssi on noin 6-7% aina huonompi kuin paikan päällä vaihdettuna eli häviät vielä lisäksi 280 euroa eli yhteensä tulee turpaan 451 euroa . 									
			Ahneen Vaalruusin Nordea pankki joutaa pois vaikka koko Suomesta , ei ole halua palvella tavallisilla kylillä , vaan haluaa rosvota lisää omaisuuksia isommista ympyröistä . 									
